{
    "alpha": 0.10584604317636571,
    "beta": 3.556553344365402
}